id,metrica,valor,unidad,fuente
R01,version,0.11.0,version,package.json
R02,scripts_npm,4,conteo,package.json
R03,dependencias_runtime,7,conteo,package.json
R04,dependencias_desarrollo,12,conteo,package.json
R05,dependencias_totales,19,conteo,package.json
R06,lineas_voiceService,218,lineas,src/services/voiceService.ts
R07,lineas_no_vacias_voiceService,185,lineas,src/services/voiceService.ts
R08,miembros_voiceService,18,conteo,src/services/voiceService.ts
R09,lineas_localBrain,269,lineas,src/services/localBrain.ts
R10,lineas_no_vacias_localBrain,243,lineas,src/services/localBrain.ts
R11,miembros_localBrain,5,conteo,src/services/localBrain.ts
R12,lineas_memoryStore,122,lineas,src/services/memoryStore.ts
R13,lineas_no_vacias_memoryStore,108,lineas,src/services/memoryStore.ts
R14,miembros_memoryStore,9,conteo,src/services/memoryStore.ts
R15,lineas_servicios_principales,609,lineas,calculo
R16,lineas_no_vacias_servicios_principales,536,lineas,calculo
R17,lineas_protocolo_fisico,172,lineas,docs/LEO_011_PHYSICAL_TEST_PROTOCOL.md
R18,lineas_hoja_resultados,163,lineas,docs/LEO_011_PHYSICAL_TEST_RESULTS.md
R19,metricas_fisicas_formalizadas,10,conteo,evidencias/README.md
R20,categorias_enrutamiento_local,13,conteo,src/services/localBrain.ts
